"Group.1","x","y"
"Harvey, Brent",167,8.28440366972477
"Daniel, Caleb",168,0.486486486486487
"Neates, Ryan",169,-61
"Campbell, Matt",170,15.8
"Daniels, Brent",170,19.5714285714286
"McDonald-Tipungwuti, Anthony",171,-9.86363636363636
"Neade, Jake",171,10.1060606060606
"Callinan, Ian",172,17.5172413793103
"Hooper, Andrew",172,-70
"McGlynn, Ben",172,22.9325842696629
"Stengle, Tyson",172,-27
"Ugle, Kirk",172,39.6666666666667
"Baker, Liam",173,13
"Ballantyne, Hayden",173,4.56451612903226
"Kennedy-Harris, Jay",173,-14.3181818181818
"Kennedy Harris, Jay",173,15.6666666666667
"Matera, Brandon",173,-18.1121495327103
"Puopolo, Paul",173,23.5608108108108
"Rodan, David",173,-44.7368421052632
"Spargo, Charlie",173,34.2352941176471
"Betts, Eddie",174,13.9801324503311
"Blair, Jarryd",174,3.62809917355372
"Crowden, Mitch",174,-11.6666666666667
"Davey, Alwyn",174,3.32258064516129
"Garlett, Cruize",174,-2.28571428571429
"Hams, Ashton",174,18.0833333333333
"Lonie, Jack",174,-13.8
"Lovell, Kieran",174,-14.5
"Macpherson, Darcy",174,-35.9230769230769
"MacPherson, Darcy",174,-65.5
"Mitchell, Kane",174,3.22857142857143
"Phillips, Simon",174,-40
"Snelling, Will",174,23
"Wanganeen, Derick",174,48
"Bateman, Chance",175,28
"Bolton, Shai",175,9.44444444444444
"Byrnes, Shannon",175,-42.3703703703704
"Colyer, Travis",175,3.10606060606061
"Fisher, Zac",175,-32.3529411764706
"Giro, Stefan",175,-29.3
"Gregson, Cory",175,4.38461538461539
"Honeychurch, Mitch",175,-13.3714285714286
"Hrovat, Nathan",175,-7.34375
"Kennedy, Ben",175,1
"Prestia, Dion",175,-4.26548672566372
"Rioli, Willie",175,19.7826086956522
"Saad, Ahmed",175,-0.393939393939394
"Schneider, Adam",175,-19.3414634146341
"Taylor, Lewis",175,-30.7009345794393
"Zorko, Dayne",175,-24.0208333333333
"Adams, Leigh",176,14.6333333333333
"Djerrkura, Nathan",176,-36.4615384615385
"Gray, Sam",176,13.6052631578947
"Hitchcock, Cameron",176,0
"Krakouer, Andrew",176,4.08333333333333
"Maric, Addam",176,7.6
"McIntyre, Tim",176,58
"Milne, Stephen",176,5.02564102564103
"Murphy, Lachlan",176,7.90909090909091
"Nahas, Robin",176,8.69354838709677
"Smith, Devon",176,-17.5190839694656
"Stokes, Mathew",176,5.85393258426966
"Christensen, Allen",177,-8.28712871287129
"Couch, Tom",177,-12.3333333333333
"Davey, Aaron",177,-48.8214285714286
"DellOlio, Cory",177,-3.5
"Doughty, Michael",177,18.8333333333333
"Ellard, David",177,-14.6388888888889
"Fantasia, Orazio",177,-12.25
"Gresham, Jade",177,-11.3709677419355
"Hartung, Billy",177,21.0921052631579
"Higgins, Jack",177,26.25
"Karpany, Malcolm",177,0.714285714285714
"Laird, Rory",177,16.7438016528926
"Langdon, Zac",177,12.4285714285714
"Neale, Lachie",177,-5.54814814814815
"Papley, Tom",177,20.2666666666667
"Polson, Cameron",177,-46.9230769230769
"Porplyzia, Jason",177,11.8571428571429
"Rioli, Cyril",177,27.2830188679245
"Tutt, Jason",177,-36.7567567567568
"Walters, Michael",177,-1.45762711864407
"Ainsworth, Ben",178,-36.8620689655172
"Baguley, Mark",178,-6.30645161290323
"Brown, Callum",178,-3.53846153846154
"Curren, Tom",178,-27.44
"Daicos, Josh",178,18.25
"Elliott, Jamie",178,7.85393258426966
"Foley, Nathan",178,13.5227272727273
"Green, Josh",178,-16.09
"Harbrow, Jarrod",178,-22.6893939393939
"Impey, Jarman",178,12.4242424242424
"Jack, Kieren",178,22.2327044025157
"Johncock, Graham",178,14.9047619047619
"Kerr, Daniel",178,20.3823529411765
"King, Jake",178,17.65625
"Lambert, Kane",178,11.6216216216216
"Ledger, Tom",178,62.8333333333333
"Martin, Kyle",178,20.1666666666667
"McCarthy, Lincoln",178,30.6896551724138
"McGrath, Andrew",178,4.09756097560976
"McNiece, Ben",178,0.4
"Miller, Touk",178,-30.0609756097561
"Montagna, Leigh",178,-10.9661016949153
"Osborne, Michael",178,25.9166666666667
"Pearce, Danyle",178,0.556451612903226
"Petrenko, Jared",178,11.4
"Pickett, Jarrod",178,-36
"Saad, Adam",178,-13.8285714285714
"Short, Jayden",178,6.25
"Smith, Clem",178,-44
"Sumner, Liam",178,-28.375
"Switkowski, Sam",178,10
"Thomas, Josh",178,13.2272727272727
"Viney, Jack",178,-12.9896907216495
"Wright, Matthew",178,-5.21428571428571
"Allen, Jackson",179,-8.75
"Anderson, Jed",179,8.93478260869565
"Barry, Dom",179,-14.4
"Bennell, Jamie",179,10.1944444444444
"Brown, Campbell",179,-29.5625
"Buchanan, Amon",179,67
"Buckley, Dylan",179,-26.5609756097561
"Carter, Adam",179,-2.14285714285714
"Chapman, Paul",179,7.74137931034483
"Colquhoun, Sam",179,-11.75
"Dahlhaus, Luke",179,-7.78321678321678
"Duryea, Taylor",179,20.9576271186441
"Ebert, Brett",179,-20.625
"Kent, Dean",179,-18.984126984127
"McQualter, Andrew",179,-68.4
"Minchington, Darren",179,-11.9642857142857
"Rioli, Daniel",179,3.83636363636364
"Ross, Ben",179,12.25
"Ryan, Liam",179,10.5
"Sheringham, Jackson",179,-5.58333333333333
"Surjan, Jacob",179,-15.4615384615385
"Arnot, Matt",180,-1.66666666666667
"Bird, Craig",180,11.0631578947368
"Boston, Andrew",180,-15.375
"Byrne-Jones, Darcy",180,11.578125
"Dwyer, Sam",180,3.38461538461538
"Evans, Michael",180,-43.4166666666667
"Fogarty, Lachie",180,16.9333333333333
"Garlett, Jarrod",180,-30
"Garlett, Jeff",180,-0.701612903225806
"Gilbee, Lindsay",180,-51
"Glenn, Josh",180,-7.4
"Hams, Will",180,-40.4615384615385
"Heron, Jacob",180,-55.75
"Houli, Bachar",180,10.1459854014599
"Howlett, Ben",180,1.30232558139535
"Jetta, Leroy",180,-9.35483870967742
"Jetta, Neville",180,-5.96363636363636
"Johannisen, Jason",180,-7.28301886792453
"Jones, Jamaine",180,20.8571428571429
"Jones, Nathan",180,-16.1275167785235
"Joseph, Aaron",180,-2.94117647058824
"Lloyd, Jake",180,19.7217391304348
"Lloyd, Sam",180,-0.56140350877193
"Marcon, Adam",180,-36.5
"Martin, Brodie",180,16.1034482758621
"Masten, Chris",180,16.965034965035
"McDonough, Matt",180,-9.7
"McGrath, Jaden",180,-57.6666666666667
"McLean, Toby",180,-2.88333333333333
"Merrett, Zach",180,-9.85436893203883
"Miles, Anthony",180,-5.57746478873239
"Miles, Teia",180,6.41666666666667
"Mitchell, Sam",180,26.1893939393939
"Morrison, Harry",180,8.22727272727273
"Murphy, Marc",180,-14.1382113821138
"Parfitt, Brandan",180,22.3939393939394
"Parish, Darcy",180,-14.2909090909091
"Petrevski-Seton, Sam",180,-32.4285714285714
"Power, Luke",180,-62.8
"Saunders, Josh",180,-38.5
"Simpson, Sam",180,-5.5
"Sinclair, Jack",180,-13.9375
"Steven, Jack",180,-14.1917808219178
"Stewart, Kade",180,13.1428571428571
"Stretch, Billy",180,-7.15789473684211
"Tambling, Richard",180,21.1666666666667
"Tapscott, Luke",180,-43.5454545454545
"Thomas, Lindsay",180,6.52892561983471
"Turner, Kayne",180,4.5
"Ugle, Gerald",180,-64.3333333333333
"Varcoe, Travis",180,9.5
"Walsh, Brad",180,-87
"White, Matt",180,17.4788732394366
"Wojcinski, David",180,3.75
"Yarran, Chris",180,-9.24324324324324
"Zaharakis, David",180,-7.19402985074627
"Adams, Taylor",181,-14.2268907563025
"Amon, Karl",181,9.83333333333333
"Bartram, Clint",181,-57.125
"Bolton, Jude",181,26.0434782608696
"Brown, Luke",181,16.6592592592593
"Cameron, Charlie",181,17.1785714285714
"Castagna, Jason",181,14.6730769230769
"Clarke, Martin",181,8.37037037037037
"Conca, Reece",181,9.91954022988506
"Curnow, Ed",181,-16.0381679389313
"Deluca, Josh",181,-65.5
"Douglas, Richard",181,16.443661971831
"Ellis, Brandon",181,9.32679738562092
"Fasolo, Alex",181,0.647727272727273
"Graham, Jack",181,31.5652173913043
"Greenwood, Levi",181,3.55913978494624
"Hannebery, Dan",181,21.6538461538462
"Hardwick, Blake",181,5.20454545454545
"Hill, Bradley",181,16.1496062992126
"Jones, Zak",181,14.6712328767123
"Knight, Riley",181,21.8461538461538
"Krakouer, Nathan",181,12.3448275862069
"Lamb, Jed",181,-18.8181818181818
"Lee, Brendan",181,-60
"Mackay, David",181,17.136690647482
"Magin, Alik",181,-57.6
"McDonald, James",181,-67.3846153846154
"Mountford, Declan",181,-21.3333333333333
"Narkle, Quinton",181,4.66666666666667
"Palmer, Rhys",181,-29.2
"Partington, Luke",181,14.5
"Pearce, Daniel",181,-56.1666666666667
"Rounds, Luke",181,-22
"Schulz, Sam",181,-12
"Scully, Tom",181,-15.7520661157025
"Sewell, Brad",181,30.2
"Simpkin, Jonathan",181,23.9756097560976
"Simpson, Kade",181,-15.7466666666667
"Smith, Roarke",181,-26.0833333333333
"Wagner, Corey",181,-17
"Warren, Max",181,-4
"Weller, Lachie",181,-28.7391304347826
"Wells, Daniel",181,10.0229885057471
"Williams, Marley",181,4.28155339805825
"Woodward, Alex",181,36
"Yagmoor, Peter",181,18
"Ablett, Gary",182,-10.9351851851852
"Ah Chee, Callum",182,-33.6590909090909
"Armfield, Dennis",182,-4.18823529411765
"Bailey, Zac",182,-20
"Butler, Dan",182,21.8947368421053
"Clifton, Steve",182,-59.4
"Clisby, Mitch",182,-40.25
"Coniglio, Stephen",182,-11.4406779661017
"Crouch, Matt",182,18.7666666666667
"Cunningham, Harry",182,18.625
"Dawson, Jacob",182,-62.6666666666667
"Dennis-Lane, Trent",182,-1.61111111111111
"Drummond, Nathan",182,-35.8
"Edwards, Shane",182,10.8661971830986
"Gaff, Andrew",182,14.2088607594937
"Gallucci, Jordan",182,8.82352941176471
"Geary, Jarryn",182,-8.57251908396947
"Giansiracusa, Daniel",182,-22.0192307692308
"Graham, Nick",182,-25.375
"Greene, Toby",182,-14.3253968253968
"Grey, Brady",182,-18.6666666666667
"Guerra, Brent",182,32.3421052631579
"Hallahan, Mitch",182,-19.2307692307692
"Horsley, Kyal",182,-40.2142857142857
"Hutchings, Mark",182,14.9255319148936
"Jack, Brandon",182,28.9642857142857
"Jaensch, Matthew",182,11.64
"Jetta, Lewis",182,19.7593984962406
"Kennedy, Adam",182,-21.445652173913
"Kirby, Kayle",182,16
"Langdon, Ed",182,-23.9782608695652
"Lonergan, Sam",182,9.875
"Long, Ben",182,-20.3571428571429
"Magner, James",182,-36.4210526315789
"McGrath, Ashley",182,-5.89473684210526
"Mitchell, Tom",182,12.5495495495495
"Moloney, Brent",182,-28.3333333333333
"Morgan, Alex",182,-36
"Neal-Bullen, Alex",182,7.27586206896552
"Newman, Murray",182,7.83333333333333
"Osborne, Leigh",182,-46
"Pearce, Clancee",182,11.1621621621622
"Prudden, Josh",182,29.75
"Raines, Andrew",182,-12.2978723404255
"Reimers, Kyle",182,20.8
"Riley, Aidan",182,-1.9
"Ronke, Ben",182,5
"Schroder, Jordan",182,37.4
"Scotland, Heath",182,7.35555555555556
"Shaw, Rhyce",182,21.7837837837838
"Shiel, Dylan",182,-9.56296296296296
"Simpkin, Jy",182,-1.22857142857143
"Sloane, Rory",182,17.9027777777778
"Smith, Clay",182,-15.5090909090909
"Spurr, Lee",182,7.4
"Stringer, Jesse",182,17.5263157894737
"Suban, Nick",182,7.31481481481481
"Swallow, Andrew",182,6.85593220338983
"Treloar, Adam",182,-19.6231884057971
"Webberley, Jeromey",182,-2
"Weller, Maverick",182,-19.1132075471698
"William, Reuben",182,-22.6666666666667
"Willis, Mackenzie",182,-45.8
"Adcock, Jed",183,-18.0752688172043
"Ahern, Paul",183,2.36363636363636
"Aish, James",183,-11.3731343283582
"Armstrong, Tony",183,4.14285714285714
"Bail, Rohan",183,-36.4528301886792
"Ball, Luke",183,1.39393939393939
"Banfield, Todd",183,-30.0833333333333
"Barrett, Jake",183,-12.4347826086957
"Beams, Claye",183,-30.4081632653061
"Broomhead, Tim",183,-7.13888888888889
"Cooyou, Rhys",183,-128
"Cornes, Kane",183,0.961038961038961
"Cox, Cedric",183,-13.5833333333333
"Cripps, Jamie",183,14.2517985611511
"Cuningham, David",183,-22.875
"Dale, Bailey",183,-1
"Dyson, Ricky",183,13.4166666666667
"Farrell, Kane",183,-7.2
"Florent, Oliver",183,5.6875
"Freeman, Nathan",183,-39
"Goodes, Brett",183,-21.4545454545455
"Gray, Robbie",183,8.72519083969466
"Grigg, Mitch",183,9
"Guelfi, Matt",183,7.73333333333333
"Hartlett, Hamish",183,7.52459016393443
"Hill, Stephen",183,0.573529411764706
"Hunter, Lachie",183,-1.92380952380952
"Johnson, Ben",183,-4
"Jones, Clinton",183,-12.3461538461538
"Kelly, James",183,3.17647058823529
"Kelly, Tim",183,22.3181818181818
"Lang, Darcy",183,-1.76363636363636
"Liberatore, Tom",183,-10.8613861386139
"Logan, Tom",183,-12.52
"McGinnity, Patrick",183,11.14
"Milera, Terry",183,-1.86666666666667
"Monfries, Angus",183,3.84810126582278
"Motlop, Steven",183,12.7682119205298
"Mzungu, Tendai",183,9.92391304347826
"Newman, Chris",183,10.2631578947368
"Newton, Ben",183,-2.05882352941176
"Nicholson, Daniel",183,-42.0869565217391
"OBrien, Zac",183,-31.5384615384615
"OMeara, Jaeger",183,-3.1830985915493
"Parker, Luke",183,19.81875
"Pfeiffer, Darren",183,-22.75
"Reilly, Brent",183,17.9574468085106
"Salem, Christian",183,-2.07246376811594
"Selwood, Joel",183,15.3248407643312
"Shaw, Heath",183,8.90666666666667
"Sheldon, Sam",183,22.6666666666667
"Sherman, Justin",183,-18.6
"Shiels, Liam",183,22.2222222222222
"Shuey, Luke",183,18.3310344827586
"Sinclair, Ben",183,0
"Smith, Nick",183,21.7547169811321
"Stanton, Brent",183,-3.41935483870968
"Strijk, Andrew",183,12
"Templeton, Eli",183,-18.5714285714286
"Toumpas, Jimmy",183,-29.8108108108108
"Tucker, Darcy",183,-26.2083333333333
"Veszpremi, Patrick",183,-18.5555555555556
"Whitecross, Brendan",183,22.2950819672131
"Wingard, Chad",183,7.17006802721088
"Addison, Dylan",184,-22.4411764705882
"Ainsworth, Brayden",184,8.66666666666667
"Bastinac, Ryan",184,-5.24409448818898
"Billings, Jack",184,-18.0470588235294
"Blease, Sam",184,-41
"Boak, Travis",184,6.83660130718954
"Boyd, Matthew",184,-5.72897196261682
"Brayshaw, Andrew",184,-20.7058823529412
"Breust, Luke",184,23.202380952381
"Bugg, Tomas",184,-23.6354166666667
"Cachia, Jaryd",184,7.85714285714286
"Cassisi, Domenic",184,3.11363636363636
"Clarke, Ryan",184,-1.925
"Cowan, Josh",184,30.8461538461538
"Cumming, Isaac",184,-34
"Dalziell, Bradd",184,-0.157894736842105
"Dickson, Tory",184,-5.71875
"Didak, Alan",184,20.625
"Dow, Paddy",184,-38
"Duffy, Max",184,-17.3333333333333
"Duggan, Liam",184,16.3913043478261
"Dunstan, Luke",184,-17.2705882352941
"Edwards, Aaron",184,12.0952380952381
"Ellis, Corey",184,-2.96296296296296
"Foote, Jordan",184,-16.1666666666667
"Gillbee, Jacob",184,-17
"Golby, Mitch",184,-18.375
"Green, Brad",184,-37.4615384615385
"Harwood, Ryan",184,-23.1029411764706
"Higgins, Shaun",184,-7.41379310344828
"Hine, Taylor",184,-2.54545454545455
"Hiscox, Jack",184,-1
"Hunt, Taylor",184,8.27058823529412
"Kelly, Josh",184,6.78
"Knights, Chris",184,27.0909090909091
"LeCras, Mark",184,18.6101694915254
"Lemmens, Sean",184,-23.4430379746835
"Lonergan, Jesse",184,-23.9333333333333
"Lyons, Jarryd",184,2.39130434782609
"McKenna, Conor",184,-5.27450980392157
"McKenzie, Daniel",184,-11.9411764705882
"McLean, Brock",184,0.584905660377358
"McMahon, Scott",184,14.4
"McVeigh, Jarrad",184,22.7333333333333
"McVeigh, Mark",184,31
"Merrett, Jackson",184,-10.3214285714286
"Milera, Wayne",184,18.9767441860465
"Mooney, Caolan",184,6.33333333333333
"Mullett, Aaron",184,-0.284210526315789
"Newnes, Jack",184,-15.3703703703704
"OBrien, Lochie",184,-45.7777777777778
"ORourke, Jonathan",184,3.85714285714286
"Perryman, Harry",184,0.529411764705882
"Picken, Liam",184,-6.12781954887218
"Polkinghorne, James",184,-20.75
"Priddis, Matt",184,12.7651515151515
"Ramsay, Jackson",184,-4.29411764705882
"Rice, Bailey",184,-17.8181818181818
"Robinson, Dan",184,22.76
"Robinson, Mitch",184,-17.655462184874
"Scheer, Brad",184,-52.9
"Sidebottom, Steele",184,4.1006711409396
"Simpson, Josh",184,-9
"Stoddart, Ryley",184,24
"van Berlo, Nathan",184,15.3283582089552
"Armitage, David",185,-12.9316239316239
"Bennell, Harley",185,-24.1449275362319
"Bewick, Rohan",185,-25.1098901098901
"Black, Simon",185,-6.15384615384615
"Cotchin, Trent",185,9.30128205128205
"Cousins, James",185,-12.4285714285714
"Crichton, Jesse",185,-32
"Crozier, Hayden",185,-8.80232558139535
"Cunico, Jordan",185,19
"Cunnington, Ben",185,5.37254901960784
"Dal Santo, Nick",185,6.32075471698113
"Dalgleish, Lauchlan",185,-26
"Fox, Robbie",185,-7
"Gibson, Sam",185,4.11111111111111
"Goodyear, Matthew",185,-48
"Hall, Aaron",185,-21.4368932038835
"Hampton, Curtly",185,-38.1587301587302
"Hanley, Pearce",185,-26.2792792792793
"Harmes, James",185,5.77941176470588
"Helbig, Brad",185,23.3333333333333
"Hodge, Luke",185,16.7364341085271
"Hunt, Josh",185,7.81818181818182
"Iles, Sam",185,-54.8
"Jacobs, Ben",185,4.38461538461539
"Johnson, Aidyn",185,13.7
"Kavanagh, Elliott",185,-34.4166666666667
"Keays, Ben",185,-48
"Kommer, Nick",185,3.5
"Long, Jake",185,3.6
"Maynard, Corey",185,-19
"McCluggage, Hugh",185,-18.55
"Mellington, Josh",185,-12.75
"Michie, Viv",185,-27.4545454545455
"Morris, Steven",185,7.90804597701149
"Morton, Mitch",185,21.4166666666667
"Mutimer, Kurt",185,-0.5
"OBrien, Jesse",185,-28
"ORiordan, Colin",185,-20.3333333333333
"Patrick, Liam",185,-26.8
"Petruccelle, Jack",185,3.33333333333333
"Petterd, Ricky",185,-3.08823529411765
"Powell, Wil",185,-43
"Rich, Daniel",185,-22.9586776859504
"Richards, Ed",185,-18.0952380952381
"Rischitelli, Michael",185,-24.3557692307692
"Rockliff, Tom",185,-18.8030303030303
"Sheed, Dom",185,14.1948051948052
"Slattery, Henry",185,31
"Smith, Joel",185,3
"Strauss, James",185,-38.5384615384615
"Swallow, David",185,-21.34375
"Swan, Dane",185,4.60240963855422
"Thomas, Dale",185,-18.377358490566
"Thompson, Scott",185,14.0454545454545
"Toy, Josh",185,-36.2
"Tynan, Josh",185,-51
"Wellingham, Sharrod",185,12.5757575757576
"Williams, Zac",185,-0.166666666666667
"Wilson, Nathan",185,-9
"Worpel, James",185,8.81818181818182
"Wright, Nathan",185,-16.8571428571429
"Yarran, Shane",185,-50.6666666666667
"Atkins, Rory",186,23.6753246753247
"Bews, Jed",186,7.77142857142857
"Burbury, George",186,24.2857142857143
"Burgoyne, Shaun",186,22.2360248447205
"Caddy, Josh",186,7.61313868613139
"Cerra, Adam",186,-20.7142857142857
"Cheney, Kyle",186,22.3968253968254
"Clark, Hunter",186,-19.5333333333333
"Clarke, Dylan",186,34
"Cockatoo, Nakia",186,14.6176470588235
"Cole, Tom",186,14.8846153846154
"Connors, Daniel",186,-3.5
"Crouch, Brad",186,19.5245901639344
"Darley, Sam",186,-41.45
"Dea, Matt",186,-8.79365079365079
"Duigan, Nick",186,-0.619047619047619
"Dumont, Trent",186,-4.86885245901639
"Ellis, Xavier",186,21.1904761904762
"Fiorini, Brayden",186,-34.4230769230769
"Gordon, Nathan",186,3.28571428571429
"Gram, Jason",186,10.4705882352941
"Hardingham, Kyle",186,-5.43243243243243
"Hayes, Lenny",186,-10.6428571428571
"Hayward, Will",186,10.55
"Heeney, Isaac",186,20.9875
"Hibberd, Michael",186,1.07079646017699
"Hill, Josh",186,16.5514018691589
"Hocking, Heath",186,0.8125
"Hoskin-Elliott, Will",186,-15.5858585858586
"Howard, Christian",186,-44.8571428571429
"Hunt, Karmichael",186,-34.0714285714286
"Ibbotson, Garrick",186,2.63265306122449
"Johnson, Blaine",186,-36.8571428571429
"Lewis, Jordan",186,26.7232704402516
"Martin, Jack",186,-24.6172839506173
"McKenzie, Brad",186,7.40540540540541
"McKenzie, Jordie",186,-42.3571428571429
"Melksham, Jake",186,1.55932203389831
"Mirra, David",186,-3
"Newman, Nic",186,14.1612903225806
"Paton, Ben",186,-23.3333333333333
"Peake, Brett",186,-4
"Petracca, Christian",186,7.79032258064516
"Pittard, Jasper",186,11.5575221238938
"Poholke, Myles",186,-10.7777777777778
"Rose, James",186,11.4444444444444
"Ruggles, Tom",186,29.8636363636364
"Russell, Luke",186,-24.0161290322581
"Ryan, Luke",186,-21.5806451612903
"Savage, Shane",186,-4.08264462809917
"Schoenfeld, Josh",186,-27.5
"Selwood, Scott",186,15.6224489795918
"Sexton, Alex",186,-25.340206185567
"Sicily, James",186,6.08333333333333
"Smith, Ashley",186,4.26315789473684
"Stanley, Danny",186,-19.8688524590164
"Sutcliffe, Cameron",186,4
"Sylvia, Colin",186,-30.952380952381
"Symes, Brad",186,11
"Terlich, Dean",186,-40
"Thomas, Matt",186,1.35294117647059
"Trengove, Jack",186,-37.3269230769231
"Tyson, Dom",186,-14.9716981132075
"van Berlo, Jay",186,-52
"Vince, Bernie",186,-1.32624113475177
"Walker, Will",186,6.75
"Wallis, Mitch",186,-7.4957264957265
"Warren, Ben",186,-2
"Wilkinson, Joel",186,-27.5789473684211
"Appleby, Flynn",187,15.7777777777778
"Ashby, Jason",187,-9.33333333333333
"Balic, Harley",187,3.5
"Bartel, Jimmy",187,16
"Beams, Dayne",187,-10.9266055045872
"Biggs, Shane",187,6.93650793650794
"Boekhorst, Blaine",187,-32.48
"Bowes, Jack",187,-38.3333333333333
"Brayshaw, Angus",187,1.15789473684211
"Browne, Alex",187,-42.8888888888889
"Butler, Sam",187,12.4022988505747
"Byrne, Ciaran",187,-26.5454545454545
"Carrazzo, Andrew",187,-6.5
"Collins, Andrew",187,-5.33333333333333
"Cooney, Adam",187,-29.6341463414634
"Cross, Daniel",187,-23.3768115942029
"Dale, Frazer",187,11
"Dempsey, Courtenay",187,-10.126582278481
"Dick, Matthew",187,-36.1666666666667
"Docherty, Sam",187,-19.4347826086957
"Enright, Corey",187,15.7363636363636
"Evans, Billy",187,-33.2857142857143
"Garner, Taylor",187,-0.794117647058823
"Georgiou, Alex",187,-22.1428571428571
"Gowers, Billy",187,-22.65
"Greene, Fergus",187,2.4
"Grimes, Jack",187,-35.5294117647059
"Guthrie, Cameron",187,15.1449275362319
"Guthrie, Zach",187,7.125
"Harper, Kieran",187,4.11538461538461
"Hawksley, James",187,-19.5
"Hopper, Jacob",187,17.0909090909091
"Houston, Dan",187,16.7179487179487
"Hughes, Ethan",187,-27.8275862068966
"Hunt, Jayden",187,2.40425531914894
"Hurn, Shannon",187,18.0872483221477
"Kerridge, Sam",187,-11.3333333333333
"Langford, Will",187,16.9583333333333
"Lipinski, Patrick",187,-16.5555555555556
"Lloyd, Daniel",187,6.28571428571429
"Lower, Nick",187,-21.875
"Luxford, Michael",187,22.5
"Lynch, Brad",187,-17
"Macaffer, Brent",187,4.06382978723404
"Martin, Dustin",187,9.65822784810127
"Menadue, Connor",187,3.27272727272727
"Menzel, Troy",187,-10.1136363636364
"Murphy, Robert",187,-8.36893203883495
"Mutch, Kobe",187,-24
"Nelson, Jackson",187,24.3095238095238
"OKeefe, Ryan",187,21.2452830188679
"Oliver, Clayton",187,12.9322033898305
"Phillips, Ed",187,-22.8571428571429
"Phillips, Tom",187,9.81632653061224
"Polec, Jared",187,11.8446601941748
"Polo, Dean",187,3.83333333333333
"Ray, Farren",187,-18.1428571428571
"Rayner, Cameron",187,-10.1818181818182
"Redman, Mason",187,-18.2
"Ross, Sebastian",187,-16.5
"Sheppard, Brad",187,13.0526315789474
"Sheridan, Tom",187,-4.01234567901235
"Sierakowski, Will",187,22.7142857142857
"Starcevich, Brandon",187,-14
"Steele, Jack",187,-5.74137931034483
"Stiller, Cheynee",187,-32.3333333333333
"Suckling, Matt",187,22
"Sumner, Timmy",187,-7.82352941176471
"Taranto, Tim",187,10.5135135135135
"Townsend, Jacob",187,-18.3617021276596
"Tuohy, Zach",187,-2.35897435897436
"Venables, Daniel",187,22.7857142857143
"Vlastuin, Nick",187,9.39316239316239
"Ward, Callan",187,-13.3269230769231
"Webb, Lukas",187,-0.708333333333333
"Whitfield, Lachie",187,-6.19298245614035
"Williams, Bailey",187,-8.09375
"Wood, Easton",187,-2.99082568807339
"Wrigley, Stephen",187,-60.6666666666667
"Ah Chee, Brendon",188,11.5142857142857
"Atley, Joe",188,26.3333333333333
"Ballard, Jacob",188,-69
"Banfield, Bailey",188,-25.25
"Batchelor, Jake",188,8.47058823529412
"Beech, Jonathon",188,18.3333333333333
"Begley, Josh",188,-8.625
"Bell, Tom",188,-24.3194444444444
"Blakely, Connor",188,-17.1521739130435
"Bonar, Aiden",188,13.5
"Brennan, Jacob",188,14.7857142857143
"Clarke, Raphael",188,19.3333333333333
"Crocker, Ben",188,3.8695652173913
"Crowley, Ryan",188,11.1604938271605
"Davies-Uniacke, Luke",188,-2.85714285714286
"Davies, Marcus",188,-12.75
"Davis, Ryan",188,-16.2380952380952
"Deledio, Brett",188,12.8468468468468
"Doedee, Tom",188,-0.75
"Duffield, Paul",188,17.679012345679
"Duncan, Mitch",188,16.9666666666667
"Ebert, Brad",188,6.40880503144654
"Fritsch, Bayley",188,28.5909090909091
"Gibbs, Bryce",188,-7.9645390070922
"Gwilt, James",188,-26.2
"Hartman, Brad",188,31.8
"Heath, Campbell",188,3.33333333333333
"Henderson, Ricky",188,9.54
"Herbert, Louis",188,-3.33333333333333
"Hewett, George",188,19.3802816901408
"Horlin-Smith, George",188,10.1960784313725
"Jackson, Daniel",188,10.9807692307692
"Jones, Matt",188,-38.0163934426229
"Jong, Lin",188,-3.95081967213115
"Jurrah, Liam",188,-101
"Kennedy, Matthew",188,-9.48387096774194
"Lennon, Ben",188,8.71428571428571
"Lucas, Kane",188,5.1875
"Lumumba, Heritier",188,-1.82954545454545
"Macdonald, Joel",188,-28.6470588235294
"Macmillan, Jamie",188,4.00793650793651
"Markov, Oleg",188,-11.4666666666667
"Mathieson, Rhys",188,-24.9189189189189
"Mattner, Martin",188,26.0322580645161
"Mayne, Chris",188,9.07299270072993
"Membrey, Tim",188,-6.82857142857143
"Mills, Callum",188,19.8545454545455
"Murdoch, Brodie",188,-35.9545454545455
"OBrien, Nick",188,-26.9285714285714
"OKeeffe, Rhys",188,10.5
"Palmer, Jesse",188,-10.6666666666667
"Pitt, Jayden",188,-26.5
"Powell-Pepper, Sam",188,18.7894736842105
"Reid, Sam J",188,-1.66666666666667
"Russell, Jordan",188,0.875
"Shaw, Matt",188,-23.9887640449438
"Shenton, Cameron",188,-35.3333333333333
"Shipley, Nick",188,-13.5
"Smith, Isaac",188,22.6242424242424
"Stephenson, Jaidyn",188,15.64
"Vandenberg, Aaron",188,-7.88235294117647
"Waters, Beau",188,17.4444444444444
"Webster, Jimmy",188,-19.8352941176471
"Whiley, Mark",188,-40.7619047619048
"White, Brandon",188,-13.2
"White, Mitch",188,-3.25
"Wilson, Blayne",188,-5.77777777777778
"Wilson, Patrick",188,-56
"Winderlich, Jason",188,2.29032258064516
"Witherden, Alex",188,-16.0666666666667
"Wright, Sam",188,8.95
"Ziebell, Jack",188,2.91608391608392
"Anthony, Liam",189,11.1428571428571
"Atley, Shaun",189,5.3
"Aylett, Kurt",189,-45.6666666666667
"Barlow, Michael",189,9.27731092436975
"Blake, Jason",189,12.35
"Broadbent, Matthew",189,5.4921875
"Brodie, Will",189,-54.7272727272727
"Broughton, Greg",189,-9.2280701754386
"Buntine, Matt",189,-2.74
"Dangerfield, Patrick",189,16.8301886792453
"Dawson, Liam",189,-37.0555555555556
"de Boer, Matt",189,17.4666666666667
"de Boer, Matthew",189,10.7058823529412
"Drummond, Josh",189,-0.933333333333333
"Dunell, Sam",189,-16.5833333333333
"Embley, Andrew",189,6.26315789473684
"Firrito, Michael",189,6.41904761904762
"Flanagan, Piers",189,-47.6666666666667
"Forster, Alex",189,-71
"Gibson, Josh",189,25.9105691056911
"Glass, Conor",189,9
"Grover, Antoni",189,38
"Hannan, Mitch",189,15.2647058823529
"Heppell, Dyson",189,-1.84375
"Holman, Nick",189,-42.0322580645161
"Johnson, Steve",189,15.7542372881356
"Jonas, Tom",189,8.01709401709402
"Judd, Chris",189,-6.05263157894737
"Malceski, Nick",189,8.94339622641509
"Marsh, Harrison",189,12.96
"Mayes, Sam",189,-29.8613861386139
"Maynard, Brayden",189,1.97222222222222
"McCarthy, John",189,-24.1428571428571
"McDonald, Luke",189,3.29166666666667
"Menegola, Sam",189,17.9615384615385
"Moore, Andrew",189,-9.5531914893617
"Morabito, Anthony",189,27
"Murray, Sam",189,8.38461538461539
"OHanlon, Brett",189,7.22222222222222
"Patfull, Joel",189,-3.16504854368932
"Rampe, Dane",189,20.4130434782609
"Rohan, Gary",189,20.1022727272727
"Seedsman, Paul",189,13.375
"Selwood, Adam",189,10.1034482758621
"Sheehan, Ciaran",189,-15
"Siposs, Arryn",189,-6.69565217391304
"Skinner, Zephaniah",189,-41.2857142857143
"Smith, Brodie",189,20.3511450381679
"Stevens, Koby",189,-4.96428571428571
"Stevenson, Lewis",189,13
"Stratton, Ben",189,23.0492957746479
"Swift, Tom",189,-17.8333333333333
"Toovey, Alan",189,-0.0138888888888889
"Towers, Dean",189,26.4736842105263
"Tuck, Shane",189,10.5454545454545
"van Unen, Dylan",189,-53
"Wagner, Josh",189,-0.5
"Williamson, Tom",189,-20.3333333333333
"Young, Aaron",189,-4.40816326530612
"Young, Clinton",189,22.0975609756098
"Zurhaar, Cameron",189,-19.5555555555556
"Acres, Blake",190,-13.4285714285714
"Bruce, Cameron",190,-5
"Buckley, Simon",190,33.9230769230769
"Coad, Michael",190,-42.5
"Crameri, Stewart",190,2.35
"Crisp, Jack",190,0.431192660550459
"Dawson, Jordan",190,-8.4
"Dunkley, Josh",190,-2.72093023255814
"Edwards, Shaun",190,-59.375
"Ellis-Yolmen, Cam",190,5.93103448275862
"Fyfe, Nat",190,3.06140350877193
"Grigg, Shaun",190,9.32666666666667
"Hargrave, Ryan",190,-34.3333333333333
"Howe, Jeremy",190,-19.0743243243243
"Kelly, Jake",190,12.2452830188679
"Kennedy, Josh P",190,20.0722891566265
"Kolodjashnij, Kade",190,-20.6923076923077
"Laidler, Jeremy",190,23.6212121212121
"Langdon, Tom",190,4.05063291139241
"Lovett-Murray, Nathan",190,2.75
"McGovern, Mitch",190,24.5833333333333
"McPhee, Adam",190,19.2380952380952
"Menzel, Daniel",190,22.921568627451
"Moore, Kelvin",190,-3.33333333333333
"Morris, Dale",190,-4.10891089108911
"Murdoch, Jordan",190,15.588785046729
"Murphy, Nathan",190,30
"Murphy, Tom",190,7.60714285714286
"Nyhuis, Ryan",190,-25.0833333333333
"Parsons, James",190,8.67741935483871
"Redden, Jack",190,-5.53383458646617
"Rutten, Ben",190,14.0333333333333
"Setterfield, Will",190,-3.5
"Smedts, Billie",190,8.78723404255319
"Spencer, Max",190,-51.875
"Stewart, Tom",190,16.5238095238095
"Vickers-Willis, Ed",190,7.35714285714286
"Walker, Andrew",190,-7.82666666666667
"White, Simon",190,-13.4666666666667
"Williams, Josh",190,-40.5
"Wines, Ollie",190,11.0852713178295
"Yeo, Elliot",190,9.97709923664122
"Allen, Oscar",191,18.5
"Beasley, Hugh",191,-49.1666666666667
"Bonner, Riley",191,14.2173913043478
"Bootsma, Josh",191,4.07142857142857
"Burton, Ryan",191,0.787234042553192
"Cameron, Clay",191,-29.695652173913
"Clayton, Josh",191,-59
"Coffield, Nick",191,-35.9
"Corey, Joel",191,18.3571428571429
"Cornes, Chad",191,-59.4375
"Cutler, Tom",191,-29.7301587301587
"Darling, Jack",191,14.4459459459459
"de Goey, Jordan",191,6.02857142857143
"Dempster, Sean",191,-14.1067961165049
"Fisher, Sam",191,-9.09836065573771
"Garland, Colin",191,-33.1686746987952
"Gleeson, Martin",191,-18.9565217391304
"Goodes, Adam",191,25.6527777777778
"Greenwood, Hugh",191,14.2972972972973
"Gysberts, Jordan",191,42
"Henry, Jack",191,23.2380952380952
"Howe, Daniel",191,14.8
"Hutchins, Jack",191,-5.15384615384615
"Joyce, Jesse",191,-22.7659574468085
"Karnezis, Patrick",191,-15.1428571428571
"Kersten, Shane",191,0.5
"Langford, Kyle",191,-16.4042553191489
"Laverde, Jayden",191,-19.7
"Macrae, Jack",191,-3.8135593220339
"McInnes, Andrew",191,3.17647058823529
"McIntosh, Kamdyn",191,14.6486486486486
"McKenzie, Trent",191,-19.9883720930233
"Myers, David",191,6.65
"OConnor, Mark",191,38.1666666666667
"Pears, Tayte",191,-2.47826086956522
"Pendlebury, Scott",191,5.31543624161074
"Plowman, Lachie",191,-22.5753424657534
"Robertson, Nick",191,-33.8382352941176
"Rosa, Matt",191,0.474747474747475
"Scharenberg, Matt",191,12.5483870967742
"Sier, Brayden",191,19.9090909090909
"Silvagni, Jack",191,-27.3488372093023
"Simpkin, Tom",191,-1.44827586206897
"Steinberg, Ariel",191,-36
"Stewart, Paul",191,0.824561403508772
"Taylor, Jeremy",191,-62.25
"Thurlow, Jackson",191,13.6521739130435
"Tunbridge, Simon",191,-2.3
"Waterman, Jake",191,13.6875
"Watson, Jobe",191,0.0795454545454545
"Willsmore, Dallas",191,-22.5
"Adams, Marcus",192,-0.740740740740741
"Anthony, John",192,-9.25
"Bate, Matthew",192,-35.0833333333333
"Black, Aaron",192,10.375
"Blee, Nathan",192,-23.1666666666667
"Bower, Paul",192,16.1
"Broad, Nathan",192,28.2
"Carlile, Alipate",192,1.89473684210526
"Colledge, Brant",192,2
"Cornelius, Aaron",192,-20.0909090909091
"Davis, Troy",192,-54
"Duman, Taylin",192,-26.3
"Dunn, Lynden",192,-20.0608695652174
"Fields, Tom",192,-36
"Garthwaite, Ryan",192,13
"Gilham, Stephen",192,-39.1428571428571
"Gillies, Tom",192,-25.1428571428571
"Glass, Darren",192,12.6
"Griffen, Ryan",192,-5.35087719298246
"Grima, Nathan",192,8.17391304347826
"Grundy, Heath",192,21.2484848484848
"Hibberd, Mitchell",192,-34
"Jansen, Jarrad",192,-47.625
"Lester, Ryan",192,-22.9561403508772
"Litherland, Angus",192,45.48
"Lynch, Quinten",192,18.6410256410256
"Madgen, Jack",192,22.25
"Maguire, Matt",192,-12.547619047619
"McCarthy, Cam",192,-14.9824561403509
"McCartin, Tom",192,3
"McGuane, Luke",192,1.28571428571429
"McPharlin, Luke",192,16.7647058823529
"Mihocek, Brody",192,20.9333333333333
"Morton, Cale",192,-32.1666666666667
"Mundy, David",192,1.19736842105263
"Otten, Andy",192,18.2153846153846
"Paine, Jackson",192,-28.375
"Pavlich, Matthew",192,7.77319587628866
"Ridley, Jordan",192,-0.666666666666667
"Scarlett, Matthew",192,19.5625
"Silvagni, Alex",192,2.77777777777778
"Smith, Tim",192,32.8333333333333
"Stringer, Jake",192,-0.559633027522936
"Talia, Michael",192,-5.29032258064516
"Tape, Seb",192,-21.962962962963
"Thornton, Bret",192,14.875
"Wills, Rupert",192,13.1666666666667
"Wood, Mason",192,2.48717948717949
"Young, Tom",192,1.03846153846154
"Ambrose, Patrick",193,-12.6567164179104
"Battle, Josh",193,-34.5714285714286
"Berry, Jarrod",193,-19.4594594594595
"Birchall, Grant",193,30.0603448275862
"Bock, Nathan",193,-21.1666666666667
"Bontempelli, Marcus",193,-0.336538461538462
"Bourke, Jordon",193,-39
"Clurey, Tom",193,14.6166666666667
"Cordy, Zaine",193,-6.70833333333333
"Cox, Brennan",193,-30.7692307692308
"Dawes, Chris",193,-19.2328767123288
"Eddy, Brett",193,33.3333333333333
"Fogarty, Darcy",193,-7.9
"Folau, Israel",193,-64.8461538461538
"Francis, Aaron",193,-10.8
"Frawley, James",193,-11.128
"Gardiner, Darcy",193,-27.7073170731707
"Goddard, Brendon",193,-4.71140939597315
"Golds, Tim",193,-41.3333333333333
"Goldsack, Tyson",193,6.12631578947368
"Grant, Jarrad",193,-12.2931034482759
"Grimes, Dylan",193,10.1344537815126
"Gunston, Jack",193,21.8227848101266
"Haynes, Nick",193,-5.45714285714286
"Heatherley, Kurt",193,-5.2
"Hurley, Michael",193,0.15929203539823
"Jamison, Michael",193,-10.6075949367089
"Johnston, Lewis",193,9.75
"Kolodjashnij, Jake",193,17.3913043478261
"Lamb, Tom",193,-10
"Lienert, Jarrod",193,-9.66666666666667
"Logue, Griffin",193,-23.3846153846154
"Lynch, Tom T",193,18.991452991453
"Mackie, Andrew",193,15.8461538461538
"Marchbank, Caleb",193,-25.9714285714286
"Markovic, Lukas",193,-52.8461538461538
"Maxwell, Nick",193,13.3265306122449
"May, Steven",193,-18.780701754386
"Moore, Callum",193,7.75
"OBrien, Tim",193,10.0869565217391
"OShea, Cameron",193,-0.189189189189189
"Oxley, Adam",193,12
"Pedersen, Cameron",193,-17.9848484848485
"Podsiadly, James",193,15.6129032258065
"Richards, Ted",193,23.5714285714286
"Riewoldt, Jack",193,9.16981132075472
"Riewoldt, Nick",193,-10.4786324786325
"Roughead, Jarryd",193,24.9424460431655
"Schulz, Jay",193,5.93406593406593
"Scrimshaw, Jack",193,-42
"Shaw, Sam",193,20.7916666666667
"Tarrant, Chris",193,6.41666666666667
"Thompson, Scott D",193,6.28666666666667
"Walker, Taylor",193,16.1393442622951
"Walsh, Tommy",193,16.6
"Aliir, Aliir",194,11.75
"Allison, Jacob",194,-16.75
"Austin, Mark",194,-13.2758620689655
"Barrass, Tom",194,10.92
"Brown, Jonathan",194,-16.0217391304348
"Collins, Kieran",194,-25
"Collins, Sam",194,-24.8571428571429
"Curnow, Charlie",194,-29.4255319148936
"Delaney, Luke",194,-21.4727272727273
"Everitt, Andrejs",194,-4.28571428571429
"Faulks, Peter",194,-71
"Ferguson, Jackson",194,-68
"Frost, Sam",194,-6.51470588235294
"Gilbert, Sam",194,-1.48979591836735
"Hamling, Joel",194,-7.79365079365079
"Hartigan, Kyle",194,18.0365853658537
"Himmelberg, Harrison",194,48.5
"Himmelberg, Harry",194,12.1666666666667
"Hombsch, Jack",194,5.52040816326531
"Johnson, Alex",194,27.2962962962963
"Joyce, Darragh",194,-17
"Lee, Tom",194,-25.7647058823529
"Maister, Beau",194,7.76190476190476
"Marsh, Jonathon",194,-0.133333333333333
"McCartin, Paddy",194,-24.3714285714286
"McDonald, Tom",194,-14.2237762237762
"Miller, Brad",194,1.4
"Nielson, Dan",194,-32.4285714285714
"Rance, Alex",194,10.9096774193548
"Redpath, Jack",194,7.44444444444444
"Rivers, Jared",194,-8.42424242424242
"Roberton, Dylan",194,-10.2772277227723
"Roberts-Thomson, Lewis",194,26.5161290322581
"Thompson, Luke",194,8.22222222222222
"Tomlinson, Adam",194,-13.0260869565217
"Waite, Jarrad",194,6.88118811881188
"Astbury, David",195,7.67058823529412
"Ballard, Charlie",195,-42
"Brander, Jarrod",195,-15
"Brennan, Jared",195,-23.5625
"Brown, Mitch WC",195,5.47058823529412
"Chaplin, Troy",195,2.09677419354839
"Clarke, Justin",195,-27.375
"Corr, Aidan",195,-9.61333333333333
"Cripps, Patrick",195,-27.9135802469136
"Daw, Majak",195,0.06
"Delaney, Cameron",195,22
"Frost, Jack",195,-4.55357142857143
"Hogan, Jesse",195,0.507042253521127
"Jaksch, Kristian",195,-40.6428571428571
"Johnson, Michael",195,4.05042016806723
"Lake, Brian",195,15.4864864864865
"Lever, Jake",195,27.4626865671642
"Lisle, Jordan",195,-23.3888888888889
"McStay, Daniel",195,-25.3037974683544
"Melican, Lewis",195,26.65
"Merrett, Daniel",195,-21.7931034482759
"Naughton, Aaron",195,-15.7777777777778
"Paparone, Marco",195,-36.2
"Post, Jayden",195,11.125
"Richards, Xavier",195,28.3333333333333
"Schoenmakers, Ryan",195,28.4767441860465
"Smith, Josh",195,0.28125
"Spangher, Matthew",195,48.2083333333333
"Taylor, Harry",195,15.5547945205479
"Warnock, Matthew",195,-33.5
"Watson, Matthew",195,-17
"Watts, Jack",195,-18.3712121212121
"Weideman, Sam",195,5
"Weitering, Jacob",195,-25.3571428571429
"Austin, Logan",196,-2.2
"Boumann, Jarrad",196,28.5
"Brown, Mitch",196,-5.55769230769231
"Brown, Nathan",196,1.47008547008547
"Cameron, Jeremy",196,-13.2923076923077
"Cloke, Travis",196,2.44859813084112
"Finlayson, Jeremy",196,-1.33333333333333
"Henderson, Lachie",196,4.61739130434783
"Kennedy, Josh J",196,17.3153846153846
"Macreadie, Harrison",196,-27.625
"McCarthy, Pat",196,-15
"McDonald, Oscar",196,8.29508196721311
"McGovern, Jeremy",196,15.5392156862745
"McKernan, Shaun",196,-5.42222222222222
"Mohr, Tim",196,-52.375
"Reid, Ben",196,-0.213483146067416
"Reid, Sam",196,24.1443298969072
"Roberts, Fletcher",196,-5.85714285714286
"Schofield, Will",196,15.0169491525424
"Sellar, James",196,-43.1739130434783
"Smith, Tanner",196,-2.75
"Staker, Brent",196,-14.8571428571429
"Tarrant, Robbie",196,4.01709401709402
"Taylor, Sam",196,35.375
"White, Jesse",196,5.78378378378378
"White, Spencer",196,-52.5
"Brooksby, Keegan",197,-47.4285714285714
"Bruce, Josh",197,-21.1648351648352
"Butcher, John",197,-0.518518518518518
"Close, Michael",197,-34.037037037037
"Davis, Phil",197,-8.984
"Dawson, Zac",197,9.74157303370787
"Day, Sam",197,-19.0485436893204
"Elton, Todd",197,-5.2
"Goddard, Hugh",197,-40
"Gumbleton, Scott",197,-20.4615384615385
"Hall, Josh",197,-15.5714285714286
"Hansen, Lachlan",197,6.41666666666667
"Hooker, Cale",197,-0.142857142857143
"Keath, Alex",197,18
"Kerr, Pat",197,-56
"Koschitzke, Justin",197,11.7916666666667
"Lonergan, Tom",197,15.5373134328358
"Mackenzie, Eric",197,11.0555555555556
"McKeever, Niall",197,-24.8333333333333
"Mumford, Shane",197,15.8108108108108
"Nash, Conor",197,-8
"Petrie, Drew",197,7.49624060150376
"Petty, Harry",197,-2
"Ratugolea, Esava",197,20.25
"Ryder, Paddy",197,16.7169811320755
"Ryder, Patrick",197,3.94642857142857
"Schade, Henry",197,-29.0714285714286
"Talia, Daniel",197,16.4903225806452
"Tippett, Joel",197,0.142857142857143
"Trengove, Jackson",197,1.1875
"Walker, Josh",197,-11.5945945945946
"Young, Lewis",197,7.44444444444444
"Blicavs, Mark",198,15.3787878787879
"Bradley, Kepler",198,20.7647058823529
"Brand, Kaiden",198,4.78947368421053
"Crossley, Brayden",198,-39.4
"Durdin, Sam",198,-17.5555555555556
"Fletcher, Dustin",198,5.75471698113208
"Hammelmann, Matthew",198,-55.5
"Hartley, Michael",198,-12.0243902439024
"Hawkins, Tom",198,15.5197368421053
"Himmelberg, Elliott",198,104
"Jamar, Mark",198,-40.8
"Jones, Liam",198,-23.9195402298851
"Larkey, Nick",198,-40.5
"Leslie, Jack",198,-41.1428571428571
"Lewis, Mitch",198,-35.5
"Marshall, Todd",198,27.4
"McInnes, Fraser",198,20.3571428571429
"Mitchell, Luke",198,-15
"Patton, Jonathon",198,-2.26966292134831
"Skinner, Sam",198,-68
"Stewart, James",198,0.111111111111111
"Williams, Tom",198,-15.4166666666667
"Buzza, Wylie",199,29.5555555555556
"Chol, Mabior",199,-113
"Franklin, Lance",199,23.5810810810811
"Freeman, Jonathan",199,-37.7142857142857
"Grimley, Sam",199,3.28571428571429
"Howard, Dougal",199,10.3666666666667
"Hudson, Ben",199,-8.72
"Lynch, Tom J",199,-21.6694915254237
"Martin, Stefan",199,-29.0740740740741
"Michael, Sam",199,-31.2
"Minson, Will",199,-17.2763157894737
"Nankervis, Toby",199,19.1186440677966
"OhAilpin, Setanta",199,-70.625
"Rowe, Sam",199,-22.4444444444444
"Schache, Josh",199,-39
"Seaby, Mark",199,10.4
"Taberner, Matthew",199,-9.54838709677419
"West, Trent",199,-2.12
"Abbott, Ryan",200,77.3333333333333
"Apeness, Michael",200,-6.83333333333333
"Boyd, Tom",200,-1.31147540983607
"Brown, Ben",200,5.31313131313131
"Campbell, Tom",200,-10.4285714285714
"Clark, Mitch",200,-36.125
"Daniher, Joe",200,-14.53
"Derickx, Tom",200,23.9333333333333
"Dixon, Charlie",200,-2.46551724137931
"Eagles, Matt",200,4.25
"Fitzpatrick, Jack",200,-39.72
"Frampton, Billy",200,-22
"Gault, Corey",200,4.16666666666667
"Gorringe, Daniel",200,-20.5263157894737
"Griffiths, Ben",200,3.59259259259259
"Hannath, Jack",200,11.15
"Jacobs, Sam",200,15.675
"Jenkins, Josh",200,15.0220588235294
"Jolly, Darren",200,5.48275862068965
"Kreuzer, Matthew",200,-14.1333333333333
"Lobbe, Matthew",200,1.35294117647059
"Maric, Ivan",200,10.0625
"McEvoy, Ben",200,10.3358208955224
"McKay, Harry",200,-44.0666666666667
"Pearce, Alex",200,-17.7857142857143
"Renouf, Brent",200,-4.9375
"Roughead, Jordan",200,-11.5371900826446
"Sinclair, Callum",200,21.6896551724138
"Stanley, Rhys",200,-0.537735849056604
"Stephenson, Orren",200,14.4
"Stewart, Daniel",200,-20.6153846153846
"Thompson, Rory",200,-16.3263157894737
"Vardy, Nathan",200,12.9787234042553
"Vickery, Ty",200,4.1625
"Westhoff, Justin",200,6.86792452830189
"Andrews, Harris",201,-31.9736842105263
"Bellchambers, Tom",201,2.37209302325581
"Brogan, Dean",201,-57.3684210526316
"Carlisle, Jake",201,-5.1140350877193
"Casboult, Levi",201,-16.6730769230769
"Currie, Daniel",201,-35.6
"Darcy, Sean",201,-38.9333333333333
"De Koning, Tom",201,-60.5
"Downie, Tom",201,-4.22222222222222
"Giles, Jonathan",201,-51.7301587301587
"Goldstein, Todd",201,5.18181818181818
"Graham, Angus",201,-2
"Griffin, Jonathon",201,-6.6734693877551
"Hale, David",201,36.3636363636364
"Hampson, Shaun",201,-4.12962962962963
"Hickey, Tom",201,-24.0909090909091
"Marshall, Rowan",201,-25.6153846153846
"McKay, Ben",201,51
"Naitanui, Nic",201,20.9056603773585
"Phillips, Andrew",201,-39.1666666666667
"Pyke, Mike",201,24.6219512195122
"Fraser, Josh",202,-41
"Hille, David",202,0.307692307692308
"Leuenberger, Matthew",202,-26.5492957746479
"Longer, Billy",202,-21.9846153846154
"McBean, Liam",202,-8.6
"McCauley, Broc",202,-5.66666666666667
"OBrien, Reilly",202,105
"Pittonet, Marc",202,18.8
"Smith, Archie",202,-43.6666666666667
"Tippett, Kurt",202,22.9263157894737
"Clarke, Zac",203,7.9125
"Cox, Dean",203,9.25396825396825
"Grundy, Brodie",203,5.46728971962617
"Hipwood, Eric",203,-24.2115384615385
"Holmes, Jason",203,-25
"Jones, Scott",203,-27.4
"Lycett, Scott",203,11.3835616438356
"McIntosh, Hamish",203,4.23076923076923
"Moore, Darcy",203,-4.16666666666667
"Nicholls, Tom",203,-15.9318181818182
"Pierce, Lewis",203,-9.5
"Spencer, Jake",203,-32.4333333333333
"Wright, Peter",203,-29.4081632653061
"Cameron, Darcy",204,-24
"Ceglar, Jonathon",204,22.344262295082
"Cordy, Ayce",204,-15.56
"Keeffe, Lachlan",204,0.976744186046512
"McInerney, Oscar",204,-4.625
"Moller, Craig",204,-71
"Soldo, Ivan",204,20.5
"Wood, Cameron",204,-15.7666666666667
"English, Tim",205,-16.5555555555556
"Naismith, Sam",205,23.4642857142857
"Redden, Jarrad",205,-14
"Bailey, Max",206,34.4285714285714
"Lowden, Luke",206,44
"Preuss, Braydon",206,-26.875
"Smith, Zac",206,-3.17391304347826
"Warnock, Robert",206,-7.77142857142857
"Lobb, Rory",207,12.4324324324324
"Gawn, Max",208,-6.79787234042553
"Witts, Jarrod",209,-17.2875
"Simpson, Dawson",210,15.2777777777778
"Cox, Mason",211,7.86046511627907
"Sandilands, Aaron",211,9.29166666666667
